img_id,text
0,"PROPOS' NATURE INGREDIENT MENAGER MULTI-USAGE TERRE dE SOMMIERES 4100% NATUREL Argile 10036 pure et   naturelle Lerre Sommierespreserte des proprietes absorbantes qui permettent nelloyage sec des laches recalcitrantes Sur toutes les surfaces (moquette; tapis; parquel_- Elle est aussi efficace desodoriser linge: Ingredient Bentonite Dosage conseille Sclon usage. S[0an Lunponpacel cetl{ I 0t inunEi4 Wzouupl Rtiu fos; Lnfonr 00% R500 g JuSuac LABORATOIRE FROPOSNATURE UCUGRLDeC . [uacoJi JHH4E04 e+raaly 'Mp""0pr-nJincon 780 103 pour 'Pnz"
1,TLaeel=_ 7672 Xe RRIFIC LEBENSMITTELECHT Gw DAV GEPRAGTES DESIGN As YQULIKE BEST Designed in V cnre Y [Bextin ] LIZENZIERTE UND GESCHITZTE DESIGNS TEA WITH cccteics
2,"COMPOSITION Serving Size: Tablet (0.709 g) Each serving contains (Approx Values): Ingredient Oty / Serving % RDA"" #PHOSPHOcomplex@ Silybin (Sillybum marianum) 200 mg Dandelion (Taraxacum officinale) leaf extract 10.1 100 mg Kutki (Picrorhiza kurroalrhizome extract 0.5% Bitters 50 mg Kasani (Cichorium intybus) seed extract - 1% Bitters 25 mg Punarnava (Boerhavia diffusa) root extract 0.07% alkaloids 25 mg # Bhui amla (Phyllanthus amarus) WP extract - 0.57 Bitters 25 mg Amla (Phyllanthus emblica) fruit extract - 10% Tannins 25 mg Licorice (Glycyrrhiza glabra) root extract 5k Glycyrrhizin 25 mg Vitamin E 10 mg 100 Piper nigrum fruit extract 957 Piperine 5 mg NUTRITIONAL INFORMATION PER SERVING (APpROX. VALUES): Nutrients Oty: / Serving %RDA"" Energy 3.04 kcal 0.13 Carbohydrate 0.51 g (Sugars) 0.2g Protein 0.04 g 0.07 Fat 0.09 g ""YRDA values established as per ICMR 2010 for sedentary lifestyle-Men #*% RDA not established by ICMR"
3,3 3 1 1 F IW! 1 5833 1 3 1 1 1 1 H 0 L 1 W # I 1 1  Hu I M 1 H H 1 V 1 J Hl U 0 H IH U Hhh 1 jj 1 Ilu 1 # 1 1 1 1 HH 1 1 1 1
4,Horbaach' HIGH StRENGTH PSYLLIUM HUSK PLANTAGO OVATA 1400mG PLANT SEEDS FOOD VEGAN SUPPLEMENT 365 CAPSULES
5,"Naturally-Sourced Psyllium High strength 140Omg per serving Suitable for Vegans & Vegetarians HOrbaach"" Horbaach' hiGA StREnGTh PSYLLIUM HUSK 1400mG PLANTAGO ' OVATA PLANT SEEDS FOOD SUPPLEMENT 365 VEGAN CAPSULES"
6,"HOrBaach Directions: For adults, take two (2) vegan capsules daily, preferably with a meal. Do not exceed stated dose Nutrition Information HIG H STRE NGTH Typically Per Daily Dose Psyllium Husk Powder 1400mg PSYLLIUM ' Ingredients: Psyllium Husk Powder , Capsule Shell (Hy- droxypropylmethylcellulose) , Anti-Caking Agents (Mag- nesium Salts of Fatty Acids, Silicon Dioxide): May contain Sesame Seeds & Mustard: For allergens, HUSK see the ingredients in bold: Notice: Take this product with 22Oml of fluids Taking this product without adequate fluid cause the pOS- PLANTAGO OVATA sibility of choking: Do not use this product if you have 140OmG difficulty swallowing: If you experience chest pain, vom- PLANT SEEDS iting or difficulty in swallowing or breathing after taking this product; seek immediate medical attention. Do not take before sleeping: Fibre products can affect the ab- sorption of many medications. Do not take this product within 1.5 hours of taking medication. Free From: Artificial Colour , Artificial Flavour, Artificial Sweetener, Preservatives: FOOD VEGAN SUPPLEMENT 365 CAPSULES SUITABLE FOR VEGETARIANS & VEGANS Hu16790 € HOcbaACh may"
7,VEGAN WHEAT FREE soy FREE OVATA DAIRY FREE FREE FROM PRESERVATIVES HOrBaaCh Horbaach' StRE NGTh AIGH PSYLLIUM HUSK PLANTAGO = SEEDS PLANT = 140OmG VEGAN 365 CAPSULES FOOD SUPPLEMENT
8,Horbaach V 100% HIGHEST QUALITY TO HGH GMP ) HUSK OVATA 140OmG SEEDS 365 HOcbaaCh Horbaach' GMP ( STtRE NGTh PSYLLIUM ANUFACTURSS IN 4 S PLANTAGO 5 ANUFACTUR O PLANT 4 IN VEGAN CAPSULES FOOD SUPPLEMENT
9,NEW LOOK SAME TRUSTEDQUALITY OLD Horbaach NEW Horbaach' HIGh STRENGTH PSYLLIUM HIGH StRENGTh HUSK PSYLLIUM I4OOMG perving HUSK PLANTAGO OVATA 1400mG PLANT SEEDS FOOD VEGAN SUPPLEMENT 365 CAPSULES FOoD VEGAN SUPPLEMENT 365 CAPSULES PACKAGING MAY VARY HOrbaach
10,"GroBe Kapazilat; Tragiahigkeit bis zu 30KG Das Material ist ca. Smm dick und die Fugen sind verstarkt, so dass es sehr stark ist. Tragfahigkeit bis zu 30KG, kann eine Vielzahl von Gegenstanden 30 KG aufnehmen."
11,"WILDFANG M XS 8 M Xi 1,3 cm 2 cm 2,5 cm 3 cm 3,5 cm 12 cm 13 cm 14 cm 15 cm 16 cm < 10kg 10-15kg 15-25kg 25-45 kg 45kg"
12,"K Helps in osteoarthritis Kelps in digestion Reduces inflammation BASED Anti-bacterial properties C (0 Helps in PCOS 0A ok 0 CK Ako ORGANICS SeRICH ORGANICS RIc ORGANICS SRICH ORGANICS USDA ORGANIC 'CH 2 SgRICH ORGANICS ( RICH RFOOD 1 SUPE RG ORGANICS 'JSN3Q SZVIIN3SS: BASED ICH SUPERFOOD PLANT RICH ORGANIC L SaRCH SPEARMINT SANICS TEA GREEN IN VITAMIN A ANTIOXIDANTS -IN NATURE HIGH I ARIQ RICH IN / ANTI-BACTERIAL L (3.53 IRON PANICS Sacp""~H SOURCE = 100 = GREAT = WEIGHT ORGANICS NET ~ERICH ANICS"
13,USDA ORGANIC SUPERFOOD JSNJO Ss-RICH ORGANICS PROMOTES ORGANIC PSAPERFASE DIGESTIVE HEALTH SPEARMINT GREEN TEA HIGH VITAMIN A HIGH IN ANTIOXIDANTS RICH IN ANTIOXIDANTS ANTI-BACTERIAL IN NATURE GREAT SOURCE OF IRON +COMBATS DISEASES NET WEIGHT 100 9 (3.53 02) PLANT _ ~PREMIUM ; 'BASED ( INgiaION
14,"PACKAGING CHANGED FOOD FOR THE MODERN LIFE SUPERFOOD JSNEO Ss-RICH HANDMADE HfLeing FARMERS QUALITY Lnctooa Ve mordilecl produdte ORGANICS #ieot( IuIn ~ Tcnct 0sorhkx Daded &ed0 Meeian dalmaora bolty tr Gdenennna Ss-RICH Ourbody temp ? and pu-ing Jranatro SPEARMINT PURE HERB eficienty. Spoiinl is Ird miocubus tci whih ble coe dxu ORGANICS sorich Organk: bclic e tat ite first %e? bemcr Karb wilh Ike focd rou tol irsida ond 0ui. Hgh polassum kzvel 7e herb Uood messue in cctto Itato ncco Daance Yable netrork lrmur) armog Troupt wnen pres4 Vgani HOw TO USE ard Oror natro Peslicidc-Frcc produce - Seni medional ter, spearini con Trode Inta hetbal bounty Tro ihutom Molrer nq 7*J mnan fuddososce  vegdalle cjoycd-comp&lcly nalural cUnes Cr for sprinklng pposes Cln Ingredients Spocrmir: Heioal Ica SORIcHoRGaNiCS.Com Nutritional Facts Jssai Kli Serving size 289 PLANT BASED Calories 8Okcal SUPERFOOD Tat7530 oRdodem "" Total Corbohydrale SPEARMINT Oole Ikene 4#- udone < ~ritoarrd& Diciny Fibrc GREEN TEA olal Fal Caution Pocied locility tat handlos cther Satvratcd Fat nut and td 1 buy proouc Sodium lomeee domagcd Prolein Storoge Instructions Stre E HIGH MAMIN A Feskneke product %okd 3oie Ye BEST LITORE  MonTHS FROM THE DAIE Of PACKAGING Consemc wilt n mcalhs alrt optning pockul: RICH E ANTIOXIDANTS PACKAGED AND MARKETED Bt: Sich Organics Pvt; Lid NET WT 100g 5302) AVTI-BACTERIAL IN NATURE Scolini Noidu Pars Shoshi / Nuw Ddhi-110631 MRP Rs. 300/ - Irdio County Oriain Indic GREAT SOURCE OF IRON USDA For cuslomcr fecdbock PKD. coniou 730jj317s ~Soreeojid 0 59nCs,C6 BATCH NO: ISCIZJ6F cokan Cld loch Joo  3 ORGANIC Ca 7a 04 mx peptieb edtdt i Aok #ekt 6eET te lttan Fee Etely FOOD FOR THE MODERN LIFE SUPERFOOD & Certificd Organic by OncCert Int: SS1 JSNJA (Accredeation No- NROP/NAB/008) BEFORE Ss-RICH Jssal Ma AMIC USDA Onecert ORGANICS LIC. No. 12721999000135 Ss-RICH Our temple  ond putting raw and ORGANIC SPEARMINT HERBAL TEA natural foods Ihe key makc run efficiently- Spearmint is that miraculous herb which Iake ORGANICS We Sorich Organics believe that the first step lo care of you inside and out. High potassium level bettler life starts with the food you eat; of tne herb blood pressure in control: also We work with stable network of farmers ond hormonal balance. farmer   groups, practice   organic DIRECTION OF USE farming and grow natura pesticide produce, We bring  you Ihe bounly straight from Mother Semi medicina herb, spearmint can be made inlo herbal Earth, giving You food was mcant Io be Iea_ Ii can also be ground, if used as & spice in vegetable enjoyed-completely nalural, curries or for sprinkling purposes: WWW.SORICHORGANICS.Com Ingredients : Organic Spearmint Pure Herb Country of Origin India PLANT BASED HANDCRAFTED ELPING Nutritional Facts ORGANIC SUPERFOOD FOR FRESHNESS FARMERS QUALITY Serving size 289 Lecra cort Oirechy orcduct Fresh#hdetome lonmuor) Kecrd 0l Sorich Ob> Calories 8Okcal LDPE SPEARMINT wpencodi pacl Cncor Mdanabe for qucihy; lasle and alour toolir plort- aihnat Totol Carbohydrate Coution Pocked Focility Ihat hond es otter nuls and Totol Sugar scods. Do not buy the prodixt if it is lompered domoged Dietry Fibre GREEN TEA Storoge Instructions Srore cool dry ploce. Keep Totol Fot the product scaled preserve freshness Saturated Fat MANUFACTURED AND MARKETED BY: Sodium mg HIGH IN VITAMIN Sorich Orgonics Fvt: Ltd. Protein Plot No-63, Block-B, Sector-63, Noida, Gaulam RICH IN ANTIOXIDANTS Buddha Consume within 2 months after opening the packet: Nogar; Uttar Pradesh 201301 For customer feedback : NET WEIGHT 100 g (3.53 0z) ANTI-BACTERIAL IN NATURE contact us: +91-7303330675 emoil: care@sorichorganics  com MRP Rs. GREAT SOURCE OF IRON oltoxnt focebook com/sorichorganics/ com/sorich.organics/ Iemnannnn BATCH NO. NET WEIGHT 100 g (3.53 0z) Iniorfion df kbd gophic/cob /ock duign pnishatlc dkro: PKD: obou hooth bencks nutrfonal bocb = this prodid #OUrceo Fon prirt ab = 078 ord cubns Orl corm Keton Iheir venhoble nuton USE BY AFTER Note: Packaging may vary for a brief period of time: Pun0 JNmalnt' uE Meda 1 +olrig Jacon grourd; Sugor F u Kp Nojar PLANT , ~PREMIUM F 'BASED 1 'INJIION body keeps keeps whom Aree Ctou instagram. inlenion ~medo oaiud"
15,"X Loose packaging X Impurities added 7, Other Does not brew easily: brands K Added preservatiyes Processed chemically VS QSDc SUPERFOOD Sz JSNgA Air-tight packaging SorGICH Impurities free PLANT RASF' Brews easily ORGANIC SUPZRFOOD SPEARMINT GREEN TEA No preservative HIGH VITAMIN _ RICH IN ANTIOXIDANTS ANTI-BACTERIAL IN NATURE Directly from farm GREAT SOURCE OF IRON NET WEIGHT 100 9 (3.53 02) ch Gi VCS AIcH Ss-RIC Ch ORGAN KICH QRGANICS SsRICHC LIACH ORGANIC( ANICS PI A NT E PREMIUM  ' BASED 1 'INJIION SgRC DeRICH RGC ORGANICS CS SeRI added p ICL SARICH ORGANICS GRICH ANICS"
16,# Glucon-D FREE' Regukarzo0g Ipack Glucon-D 1 Instant Energy Ill 1 W Ku 6 d d 6 F 65 D3 UUHlans Reyulan 6 99.4% pure Glucose Vitamin Minerals
17,"# Glucon-D KM FREE' Reguiso 280g Glucon-D Net Weight: Instant Energy Ikg Occasions of use: In summer when the sun drains out energy or when hectic lifesiyle leaves You tired, your family needs the 'Instant Energy' of Glucon-D 99.4% pure Glucose Glucose is an Instant energy source for the body and is the only energy source for the brain. Vitamin Glucon-D has Vitamin D and Calcium that provides strength to the bones and body: Minerals Glucon-D has Phosphorus tat is essential for energy production and storage. So experience the 'Instant Energy' of Glucon-D with your familyl Adof 3R: 6 # %141 9aR Frot & rff & f #R & Hrria eraax dald & 378 rifeg Tool-&} & ""ga %fart"" ! 99.4% %& ""{r & Joei afad &1 & JR %8 RHT &} afa &aat $9HF Hiez &1 1 facifia 48 feifv & &ik #RR, vit &fasui siR ?Ri &} w4g Tmal &1 Faror Tei--3} 4 & 9R3R, &i af9 1791e7 sik %ize & felg 31a41d?44 & 1 Tqoi7-&} & 'gra :far' HSTHEG_ &r4} RaR 7e ! ""Offer valid till stocks last Packs without this Offer also available. ""Offer available in specifically marked only: We would love to hear from you: 7"" Floor; ""D"" Shivsagar; Worli; Mumbal 4n0 018. Consumer Cell; Heinz India Pvt Ltd , cleedback@in hjhelnz com Toll Free No. 1800 102 5444 Visit us at: WWWheinzco in [consumer: LOT No; MFD . MRP Rs/R (NOL,OF ALL TAXES) (See space below bottom of jar.) (pack Gr: Fti Tort goh ToA-& packs "
18,"# Glucon-D GREE' Regjucarz60g Glucon-D 1 Instant Energy 1 NUTRITIONAL VALUE* Per 1Og Per Serve (359) Value. 360kcal 126kcal Protein . Og 0g Carbohydrates 31.5g of which sugar (sucrose)_ Og Fat & All types of fatty acids . Og Og Calcium .170mg 59. Phosphorus :1OUmg 35mg Vitamin D 300L.U. 105L.U. Approx. Value DIECTONS fur USE: Add 4 teaspoontul Glucon-D (approx; 359) fo cne giess of water (2oOml) and stc; INGREOIENTS: Glucose (99.4%}, Minerals (Calcium Phosphates) and Vitamin D based beverage mix (Proprietary Food).  Condition: Store in a cool, dry place away from strong odours, BeSt BEFORE 24 MONTHS FROM MANUFACTURE: Manufactured for: Heinz India Pvt; Ltd,, 7"" Floor; ""D"" Shivsagar; Worl; Mumbai - 400 018. fssai Lic; No; 10043022001417- For manufacturedat location refer to first character of lot no, and see below: India Pvt Ltd , Manzurgarhi; Aligarh - 202 001. FSSAI Lic. No. 10014051000865 6) Heirz India Pvt Lid, PlotNo. D-99A & 8,ESIP; Sitarganj; Udhamsingh Nagar; Uttarakhand - 262 405, FSSAULIc: No. 10014012000278 SySuperchem Industries; Jamani wala Road, Jambu Khala, Badrpur; Paonta Sahib - 173 025, (HPJ FSSAl Lic. No. 10014062000273 Net Weight: Ikg pack Energy 5mg Glucose | Storage  Jleinzy AHeinz !"
19,# Glucon-D FREE' Regjukorz09 Ipack Glucon-D 1 Instant Energy Illl 1 6 Fa 6 d h 6 Yu 06 Glucon-D BE Instant Energy (Ulans 1 1 SS; 90. Requlanr Reydlanr 6 99.4% pure Glucose Vitamin Minerals 4% pure Glucose Vitamin Minerals
20,WEE Glucon- 0 9.4 in 23 cm
21,ONE SIZE FITS ALL STRETCHABLE AND BLACK FABRIC BLOCKS FORM FITTING THE LIGHT EXPERT-GRADE GEL NON-TOXIC NO SMELL FLEXIBLE COMFORTABLE FOR COLD OR HOT THERAPY 3.1in @ 5 22.2 in
22,925 Sterling Silver 18K Gold Plated 0.28 INCH (7 MM) High Polish 0.07 INCH (1.8 MM) 16+2 INCH Extend Chain Net Weight: 2.7G (4O5MM+SOMM) Manual measurement; the size may be slightly different from the physical: 8
23,Crealig ; ( sustainable Valpednkatare 1 koryou Visit www.knorr.com/uk 1 How to use Knorr 9 Stock Pots: MSG 8 1 p GLUTEN NO ADDED AND FREE MSG PRESERVATIVES 1 4x28g = 112g e 1 : eilher:dissolve 1 the into 8 of boiling ov: add the 1 0 water: directly 5 1 to dish: 86  Best Before End: and ARtiFICIAL  9 3 Soompot  pot
24,"9.1cm/3.58"" 36.8cm/ 14.48"" 481 13Ah 481 17BBAh 11.1cml 4.37"" Type Downtube Battery 13Ah: 2500m-A-h Battery Cell 17.SAh: Sam-sung/L-GICell 350OmAh Send it randomly Charger 48V 13Ah (2A) Charger Output Current 48V 17.5Ah (4A) USB port BMS 3OA KG Battery Weight 4IKG 44KG"
25,"9.1cm/3.58"" 36.8cm/ 14.48"" 481 13Ah 481 17BBAh 11.1cml 4.37"" Type Downtube Battery 13Ah: 2500m-A-h Battery Cell 17.SAh: Sam-sung/L-GICell 350OmAh Send it randomly Charger 48V 13Ah (2A) Charger Output Current 48V 17.5Ah (4A) USB port BMS 3OA KG Battery Weight 4IKG 44KG"
26,Product Name Harvest Festival Doll Product Size 15x9x26CM ICtn. 96PCS Carton Size 52*42*40CM Material Polyester material Craftsmanship Manual Colour Brown Yellow Orange Product Weight aty_ Grey 158g
27,158g
28,Consistens NUVIDA NATURAL HEALTH CRANBERRY EXTRACT High Natural for and SUITABLE _ VEGETARIANS _ VEGANS 90 (GMP) Strength Extract Urinary` Tract Bladder Support FOR ` AND 5ooOmg  Tablets Food Supplement
29,"3 Jbapu3M'8ni *0-43 uedoulsbunoepibn Uilorjp3 IL 0s 50 ml Carvomin Verdauungstropfen 18,55 ml Flussigkeit zum Einnehmen Wirkstoff: Auszug aus einer Mischung von Angelikawurzeln; Benediktenkraut und Pfefferminzblattern KLSNGE PHARMA g/20"
30,"27-27p~32_ ~DZOERRrEC` {245 S0M 085 4253 50 ml Carvomin Verdauungstropfen 18,55 g/20 ml Flussigkeit zum Einnehmen 20 hei 4 04 H V ( 50 ml Wirkstoff; 1 Benedikterka Carvomin piazoe I~ 4' Verdauunptvcc A28 , Verdauungstropfen keit Mischung W"" 18,55 ml ferminzblate"" 9 Flussigkeit zum Enthalt 5811 ' Wirkstoff: Einnehmen mittel fur Kne . aus einer Mischung lagern Dx < von Angelikawurzeln; Benediktenkraut und dungsgete: Pfefferminzblattern Krankheitssy ? Packungst? eine ander?, KLSNGE tieren Res:V Zur Anwendung Phama_ bei Erwachsenen Klinge PHARMA Carvomin Verdavungstropfen 7 Einnenmen 52/20ml 18555 'ZUm 2 Flissikeitz { Anwendung iErwachsenen )flissgteit /18s55 ""1855  entfalien L 8 [147531 Mischung [ Beneditenkvau 1 1 0 enthar:""  Pharma g/20 Klinge t 1 0 Auszug 0 1 ausschlieece"". 31"
31,"2 ZaSL~'~8? 1285 ~ 2S Shl 50 ml Carvomin 'B2U Verdauungstropfen U; Uuh Wi 18,55 ml Flissigkeit zum Einnehmen 7 0 0 U U V 0 Ww W Wk W 0 W U 50 ml Wirkstoff: 1 0 Benediktenka' Carvomin pflanzliches * Verdauungstoc Verdauungstropfen keit enthazz"" Mischung W"" 6 18,55 ml ferminzblatte"" Wirkstoff: Flussigkeit zum Enthalt 58 1 4 Auszug aus einer Mischung Einnehmen mittel fir Knz . von 'Angelikawurzeln; lagern D < Benediktenkraut und 2 Pfefferminzblattern dungsgeterer"" Krankheitsg "" Packungst? KLSNGE eine tieren Rez: PHARMA Zur Anwendung Phara. bei Erwachsenen Klinge Favonin Vetaunestcopfen 1856 2  Phssidett )   onenmen g/20 akrwntieeren tban5s 0 keturcseksst alkdhdl 1 0 1 6 1 2 ~aussthcllto Y 6 1 ) Arssbel 0 6 7 0 ) 6 1 1 1 1 0 0 | 0 1 0 0 ) 1 ) 9 1 6 g/20 0 ) 9 ausschliecic: 6  ancere"
32,"2732721313025 50M ~37O5422F; 72r/ 2= 42523 50 ml Carvomin Verdauungstropfen M g20 18,55 g/20 ml 0V Flussigkeit zum Einnehmen 1U hei 41 9aeh 319 A6 a 008 N; 026 , 4 Wirkstoff: aus einer Mischung von Angelikawurzeln; Benediktenkraut und Pfefferminzblattern KLSNGE PHARMA Carvomin Verdauungstropten 7 Einnenmen 18555 Flissgkeitz ' Anwendung iErwachsenen ) flissgkeit Avszug 8 ""18555 ZQmtf  Angelkamurzeh entfalten' L dpfeter: 0147531a Mischung 5 Beneditenkaut L /133331 ^ /n 4 mnzblattern ( 0 N 0 0 Phafma  Klnge , 1 4 N Auszug 0 1 N"
33,"72 ~aD> ~ *4 288e3 53585Z ~a 2 50 ml I8s Carvomin 'VrOh Verdauungstropfen Uur Uuh bj 18,55 ml Flussigkeit zum Einnehmen 8 0 0 U V 0  W W Vp V M V W h 6 Wirkstoff: 6 Auszug aus einer Mischung von 'Angelikawurzeln; Benediktenkraut und Pfefferminzblattern KLSNGE PHARMA Favonin 50ml Vedauupestorfen Phssdett ) aCnnelimen g/20 akwrhfsten Mut5 2 katurcshekesst 7 sknenttev steatten 1 6 0 remfre ~risttellkt "" 6 1 Atues seT ) L 0 0 6 0 6 6 1 1 ) | 0 0 1 1 0 ) 1 7 ) 9 1 6 0 y ) 9 6 "
34,1.59 USB CHARGING   PORTS VOdE IDOMNI
35,How to Use Place the curtain between the counterweight and the magnet 4cm/1.6in Weight:26g Load-bearing metal block
36,"28"" 2 7 FREEWHEELS 800w 36V GABEL MINDESTBREITE 135MM HINTERRAD MIT BRUSHLESS MOTOR"
37,"28"" 2 7 FREEWHEELS 800w 36V GABEL MINDESTBREITE 135MM HINTERRAD MIT BRUSHLESS MOTOR"
38,"Superior Quality Put durabilitv, safetv, and environmental protection first: Honevcomb Surface Offers solid performance and ensures that the voga ball won't burst suddenly: Explosion-Proof Design Provides the best protection and prevents injuries: Environmentally Friendly IVlaterial Just use it with confidence knoving it's made of environmentally friendly material: poI Ilo Sticking Rest assured that the surface won't stick to vour skin, clothing, floor, and much more. 330lbs Load Bearing Never wvorry about the load-bearing capacity of this voga ball as it can support up to 33Olbs."
39,51*70 IN 31 0Z warm soft and ventilate Particularly smooth Comfortable to skin GARDEN
40,"SKINFOOD SALMON DARK CIRCLE CONCEALER This concentrated and nreamcFoefeelerv contains salmon ingredients effectively help conceal dark under eye circles and brighten the eyes: To use After applyingYour foundation; dispense an adequate amount and gently onto dark circles around your eye area #2 8 ""809221""274243 Dist SKINFOOD USA, INC. Technology Drive, Bldg: B, Suite B113 Irvine, California,92618 wwwtheskinfood com 10g / Net wt. 0.35 0z Made in Korea OPEN HERE tap"
41,"hot chocolate BOMBS '700]"" ! Made with Belgian Chocolate includes Mini Marshmallows Milk Double Salted Chocolate Peppermint Chocolate Caramel ORIGINAL INGREDIENTS: SUGAR, COCOA BUTTER, WHOLE MILK POWDER , Nutrition Facts MARSHMALLOWS (SUGAR, GLUCOSE SYRUP GELATIN; SORBITOL, MODIFIED CORN STARCH, DEXTROSE , ARTFICIAL FLAVOR, TETRASODIUM PYROPHOSPHATE); COCOA MASS, EMULSIFIERS (SOY LECITHIN; PGPR); 16 serving per container VANILLA EXTRACT; Serving size 1 Package (35g) CONTAINS: MILK , SOY, Amount per serving SALTED CARAMEL INGREDIENTS: SUGAR, COCOA BUTTER, WHOLE MILK POWDER; MARSHMALLOWS (SUGAR; GLUCOSE SYRUP GELATIN; SORBITOL , Calories 180/ ModIfIeD CORN STARCH, DEXTROSE, ARTFICIAL FLAVOR, TETRASODIUM PYROPHOSPHATE) COCOA MASS, EMULSIFIERS (SOY LECITHIN; PGPR); VANILLA EXTRACT, SALT, CARAMEL FLAVOR. % Daily Value* CONTAINS: MILK , SOY, Total Fat 9g 12% PEPPERMINT INGREDIENTS: SUGAR, COCOA BUTTER, WHOLE MILK POWDER, Saturated Fat 5g 25% MARSHMALLOWS (SUGAR, GLUCOSE SVRUP GELATIN, SORBITOL, MODIFIED CORN STARCH; DEXTROSE , ARTFICIAL FLAVOR, TETRASODIUM Trans Fat Og PYROPHOSPHATE) , COCOA MASS, EMULSIFIERS (SOY LECITHIN; PGPR); Cholesterol Smg 2% VANILLA EXTRACT, PEPPERMINT FLAVOR. BB CONTAINS: MILK , SOY: Sodium 2Omg 1% Total Carbohydrate 22g 8% DOUBLE CHOCOLATE INGREDIENTS: SUGAR, COCOA BUTTER; COCOA MASS, WHOLE MILK POWDER, MARSHMALLOWS (SUGAR, GLUCOSE SVRUP GELATIN; Dietary Fiber <1g 2% SORBITOL, MODIFIED CORN STARCH; DEXTROSE, ARTFICIAL FLAVOR, TETRASODIUM PVROPHOSPHATE) , EMULSIFIERS (SOY LECITHIN; PGPR); Total Sugars 21g VANILLA EXTRACT. Includes 21g Added Sugars 42% CONTAINS: MILK , SOY: Protein 2g DISTRIBUTED BY FRANKFORD CANDY LLC Vit. D Omcg 0% Calcium 45mg 2% PHILADELPHIA, PA 19114 CHOCOLATE MADE IN BELGIUM Iron 0.6mg 2% Potas. 75mg 2% MOLDED AND PACKED IN CHINA MARSHMALLOWS MADE IN CHINA The % Daily Value (DV) tells you how much WWW frankfordcandy com a nutrient in a serving Of food contributes to a daily diet. 2,000 calories a day is used for general nutrition advice. Frenkord"
42,150W IP6s
43,1 g 150W IP6s R77- 5 305mm/12.O0in 32mm/1.25in 777 Ground Wall Ceiling
44,Durable & Flexible LED Floodlight Thickened Glass High-Quality LEDs Die-Cast Alumium Frame 30w IP65 Mental Bracket
45,CC IP65 IP65 wajerproof 8 Dustproof Heat-resisting Frost-resistant 30w
46,15.5g S0cm BF EST Acm FRIF FNDS 3.5cm
47,JACQUARD KNITTED MATERIAL Super soft and comfortable creating a custom upholstered look 2OOGSM Microfiber C #ee
48,KOMFORT-PAKET 1 DAS HERZSTUCK : STARKER UND EFFIZIENTER MOTOR FiR ANGENEHMEN FAHRKOMFORT KRAFTVOLLE UND EFFIZIENTE EXTREM LEISER UND UNGLAUBLICHES DREHMOMENT UNTERSTUTZUNG BIS LEISTUNGSSTARKER MOTOR MIT VON 25 KM/H 250 W 45 NM (A 0
49,G AINIBIU MI8 Your Old and Close Friend Everl How to Make 1 tablet Water (1Ooz) Boil 3 min:
50,High Quality Polyester Fabric Breathable & Easy to Clean Weight: 0.8KG ZHANAO 45CM MODE: BELLE IDe Bure Lam VE 38CM Faut 26CM 28CM 1 5 18CM
51,Basic Information Battery Capacity 13OOmAh Discharage Rate 100 C Battery Voltage 14.8 V Cell Configuration 4S Connector Type X160 Plug Balancer Connector Type JST -XHR Weight: 1.38 Inches MAh JOOc C€ Fc LiPo 45 1 NBO a TV 1.26 Inches Kal 2.83 Inches 169g GOL D3G1 1300 L5 RoHS PANS 14.8V19.24WH NVa84 57836)
52,"UNIQUE DESIGN 0.55inch 0,78inch 0.55inch 0.66inch Weight: 10g 20"" + 2"" Extension Moderate thickness, Rotatable screws, Chain Length suitable for ashes tightly fixed"
53,3)
54,4 +  4 + ++ + 4 4 t + F X + + + 4 WHEY Y t PROTEIN 9 4 Integratore alimentare di proteine GLUTEN 6 doniecolcordatie Uloasolebric vilamine  FRI 4 Food supplement of micro-ultrafiltered Etcosos (CFMJ whey protein isolate and vitamins. + With sweeteners. Ultrasoluble   4 750 g 30 dosi servings 4 4 GUSIO CREMA + NOccIoLA Sn cranu 4  FLAVOUR t + t X  + ++  ++ + F +++ 4 + + M 13 4 *
55,"8 cm Specifications: Material: borosilicate glass Colors: 3 - Natural, Pink, Gold Weight: 9 Volume: 180 ml Shape: Shiba Inu 6 cm 160 g"
56,ZITROMAC ;0(ijns (hia<as PINA DESHIDRATADA Peso Neto: 270 g:. 65.70 UNidadeS 84j70t70'= MMlen 6404u JI Anddoa
57,5261616@ goxglass@jge & MIILOT INDIAN FENNEL 71q 432i@ Net WE 5O0g 8 '9 0 2 9 2 9 0 0 1 1 0 1 7 5@50gC6.0 Isqagagaz NATURAL FRESH TASTE ORIGINAL 6
58,NUTRIARC 1 MUSCLE MASS GAINER 60g 10i2 200g/12g Prmei CALORies 07RDS 607A 10o% PURE INGREDIENTST CHOCOLATE MILKSHAKE BAHNEO FREE ZERO NET WAH6 added SuEAh
59,"PREMIUM QUALITY INGRIDIENTS ADDED HIGH QUALITY PROTEIN BLEND ADDED CREATINE MONOHYDRATE NUTRIARC ADDED MUSCLE MASS GAINER BCAA & GLUTAMINE 60g 1012g/200g 12g Phaten Calores 0anas OCRA Iddr Fure INGREDIENTS] CHOCLATE ADDED MLKSHAKe ZERO NET WT Am VITAMINS & ADDED Sug""r MINERALS 3"
60,DESIGNED FOR EXTREME GAINS support Weight & Muscle Building Muscle Size Strength NUTRIARC MUSCLE 1 Rapid Muscle MASS GAINER Recovery 60g 1012g/2o0g 12g Hnaten Ordrts 0aras 0017 Idox pure INGREDIENTSI Reduce Muscle CHOCLATE MLKSHAKE @ Break down ZERO NETWAM MEV AddefUMAA
61,"KG (2.2lbs) Contains Added Flavour Chocolate (Natural and Nature Identical NUTRITION FACTS Flavouring Substances) AMINO ACID PROFILE Servings Per Serving Size Scoop (50 g) BCAA (Branched Chain Amino Acids) (g/10Og protein) Container 20 Per 100g Quantity Per % Daily Leucine 2.50 g Serving Values* Iso Leucine 1.25 g Valine 1.25 g Energy 253 kcal Essential Amino Acids Total Fat 3.00% Lysine 2.00 g Methionine 0.50 g Saturated Fat 0.5 g Phenylalanine 1.00 g Trans Fat 0 g Tryptophan 0.40 g Cholesterol 10 mg Threonine 1.70 g Other Amino Acids (g/100g protein) Sodium 50 mg Alanine 1.40 g 50 Glutamic Acid 3.00 g Total Carbohydrates Glycine 0.60 Sugars (As Sucrose) 5 g Histidine 0.60.g Protein 12 g 50% Proline 1.25 g Cysteine 0.40 g BCAA Blend 5.5 g Tryosine 1.20,g Arginine 120 g ""Percent Daily Values (DV) are based on a 2000 calorie diet. Your Daily Values may Serine 130.g be higher or lower depending on calorie needs Aspartic Acid 2.50 g INGREDIENTS whey protein blend (Whey Protein Cocentrate, Whey Protein Isolate) , Skimed Milk Powder, Maltodextrin, Alkalized Cocoa Powder Stabilizer (INS415, INS417) , Sunflower lecithin(INS322) , Sucralose (INS955) , Glutamine Creatine Monohydrate Nutriaro MUSCLE MASS GAINER 60g 40129/2009|59 Id0x INSREDIENIS Groghare ZERO 1 g your"
62,60w PROfessional Install 6.600lm bianco naturale IP65 x2 120cm
63,"SouthWdoon Dendrobium & Mullein Extract Herbal Drop Poweriul Lung Support Cleanse Sve nooxlorparewy Respiratory htntgdkeepola Tat dewn HuasMbf Suznbu Cress _oua Perlr Prowuks  EcmrzneGo, Ik Hes Rucm IH G0I Bru; | Rrag  south Jopn Spllk Jysas Nek UUm robium & Mullein ict Herbal Drop rtui Lung Suppor ratory Balance Enhance mucus levels breathing function Maxlmum Cleans & potency Open airways Janco Bolanco iunctoni Opena ainwoyt Mneis avalu 3omVITLoz VEGAN GMO FREE ISO ISO GMO MUTOK sbrenteral @repwduls| #akrkroalls: S10rR nllulig: 6Bdng | #Bsnas  Vakan Se5u Judng Aj6ha  FREE VEGAN"
64,DENDROBIUM & MULEA EXTRACT HERBAL DROP before after soutl Moon MZ: Dendrobium & Mullein Extract Herbal Drop Sz: Powerful Lung Support Elonma S62u dypi5a Respithlory Irnut! BXtXJF Vahz; {ut(c6; Faraan Iduh Ecmza . 48 Eribichygb Hg | ElSan Eetes  Iama k: 'E Hmn  INul: Nel Hum roblum 4mulloin Ict Harbal Drop S4pPC Balance  Brezencg tunction lovels Maximum Clenna potency m Opon qirways a 8maewre omV1TLOz VEGAN GMo FREE Is0 FREE VEGAN (Rejoduet3an Jrzle Nedo 18439 tucur Ebleedid ~di(te L I50 GMo
65,"South ehredkIa Dendrobium & Mullein Extract Herbal Drop Fowvonuiluno suppon spe cicalee Dutcu; #rm | Ronplrtory Vsnu Ei Je WIE SiLu  1A Rroh} Exrelyi n ! UE HERBAL DROPS OF DENDROBIUM Mineah Mk # Bex <uht AND PISTILUS EXTRACTS lg Het %url rablum EMullain Herbal The herbal are absorbed under the bupilon Balance Enhance functon 'mucua Iovole tongue. The ingredients act on the lungs bronining Maxlmum cleane polency Opan airwaya and respiratory system through the blood, Opon aeanna stimulate and dilute the mucus in the trachea omVIfL oz VEGAN GMo FREE IS0 I50 VEGAN and lungs, help expel sputum and residues within 2 hours, and dredge the airway: Hool MM 4mu: ZFI KiE EtuMn % { Drop drops Ld ccd 0633 V FREE GMO lung"
66,"somhh Ioon Quxk: Dendrobium & Mullein U Extract Herbal Drop Powerful Lung Support STEFVG: Cloans0 8*.lmahz Respiratory Fnxgcks: ud Kemuale Shmluz ou3 Frubjz E144 Hiues FoSkin;'Hudw 9xGetpBwoes Gere %: 'USHabn Fux Het Bbnl roblum & Mulloin #Cl Herbal Drop rul Lirig Support Balance Erdaaning function= mucus levels breathing Maximum Cleans & potency Open airways Wuieeuem Doanch S Bwru"" lenaht 30mV1fLoZ VEGAN GMO FREE IS0 Gmo FREE ISO VEGAN Herbal  Relieve To the extract throat Oral  Mild and L Longterm bacteriostasis comfortable protection {vreafm: Jrt ""ttduee FIf-Uan Srt_ Wtls ~NiQk~ V pain "
67,MAIN COMPONEMTS Dondrobium & Mulleln Extract Herbal Drop Fettiuuane  Faetni eute 3ot Entauira) lurctcn 0uctsiunor Kcluum 8778hr ddtes 0mILoz VEGAM GMO FREE Ko T50 VEGAN GMo 1 Dendrobium 1 Mullein ! Extract Elderberry 9 FREE Burdock  1 !
68,"TERPENE INFUSED 100% Soy AROMATHERAPY CANDLE AlL NATURAL J00% BOTANICAL HEMP Mick PLANT TERPENES 2 GRAMS PER CaNDLE 100% SOY CLEANEST real BURNING WAX 2 0z JAR Ryino MITH LId ~Soft Touch"" MattE FiNISH"
69,INFORMATION Chain Length: 48+5 cm Material: Titanium Steel Size: 20X13 mm Weight: 8.1 g (About) The size of the product is measured manually and may be subject to marginal error: 20 mm Custom Text 13 mm Tips: Love You
70,2k9 CANINE CREEK Zhl LIFE PRESERVATION FORMULA PROTEIN 249 SINGLE GRAIN ALL BREED ALL AGE FORMULA BREEDER PACK
71,CANINE CREEK Clsh Uattola
72,"raphing Colleetion {7j Wt"") Tws"""
73,"Quantum Naturals TM Quantd Mulldtex and Fennel Enhanced With Date Syrup _ with for boosting energy All day Fone FROM for ALL AGE Net Weight2oOgm Quante Htetex"" Mnratn Arsip SHORTBREAD MILLET LET Husk  Psyllium Sweetened snack DELICIOUS, HEALTHY & GREAT FOR DICESTION ENERGY SUPERFOOD GROUPS: Isnummk iteein"
74,"Quantum Naturals TM Quanto Mlldtex SHORTBREAD Husk Fennel Psyllium with Date Syrup_ Sweetened for boosting All day 'FROM FOR Net Weight2og1 Quanto Hluetex' Mayatrd Mresru MILLET MIET and With Enhanced energy snack Ra DELICIOUS, HEALTHY & GREAT For DICESTION ENERGY SUPERFOOD ACE ALL, GROUPS. snumhk em"
75,"AII Natural Ingredients Quantym Naturals Date syrup DuantoCMilldtex MILLET SHORTBREAD Fennel Husk and Fennel With Psyllium Iwith Date Syrup Sweetened for boosting energy All day FOR FROM ALL AGE Millet Psyllium Husk Net Multigrains Quanto Kluate'"" Mlts Erid Enhanced snack ea DELicIOUS HealTHYO GREAT  Digestion ENeRGY SUPERFOOD FOR CrouPs: Baanh 4or Weight 2O0gm"
76,"All day snack for boosting energy AIl Natural Ingredients Quantym Improves Naturals Quick source Digestion of Energy QuantoCMlletex"" Millet shortere Fennel Rich in fibre Delicious in Enhanced With with Date Syrup  Sweetened and vitamins taste for energy All day FROM For ALL AGE Net WeightZogm Contains superfood in combination with Millets and Multigrains Ounbalkkte "" htout Mesire SHORTBREAD and boosting 'snack DELICiOUS HeALTAY CREATFOR Dicestion ENERGY SUPERFOOD Groups. Co"
77,"Nutrition Facts Value per 100g Value per Serving Energy; kcaV/100g 566.76 202.4 Protein, g/100g 6.25 2.23 Total Carbohydrate 9/100g 57.93 20.69 Total Fat, g/100g  30.64 10.94 Vitamin A,mcg/100g 0 Vitamin C,mg/100g 5.99 2.1 Total Sugar (sucrose), g/100g 5.99 2.14 Dietary Fibre, g/100g 2.31 0.83 Calories from fat (Kcal/100gm) 275.76 98.49 Sodium; mg/100g 24.28 8.67 Calcium, mg/100g  52.42 18.72 mg/100g 2.78 1.0 Saturated Fatty Acid, g/100g 19.41 6.9 Trans Fatty Acid, g/100g 0 Cholesterol, mg/100g Iron,"
78,"Available in TWO OTHER DIFFERENT FLAVOURS Qiro4y@ Qao*3p Qaoxy QuantoCill QuantoClilldex MILLET MILLET SHORTBREAD Enhanced With Psyllium Husk With Psyllium Husk Psyllium Husk and Fennel with Date Sytup _ with Coco Sweetened with Jaggery for boosting for boosting ener energy All day AIl day day for AlI CreAT  FROM FroM FROM For ALL ACE ALL AGE FoR AGE Net Weight Zo0gm Net Weight2gm Weight ZO0gm Net Ouentellates' Qunb udw OuanboWte"" Cxd LlrJ Wo OrsLd Maua OuantoChttlh SHORTBREAD 'SHORTBREAD MILLET and and Enhanced With Enhanced Butter Swcetened Swcetoncd ene snack boosting snack 'snack DELIcIOUs HolAY FoR Diclstion ENerGY ENERGY upcRFOOD eNcRGY SupcRFOOD Sudereood GPoUDs, ALLe Groups: Groups  Gnuane"
79,baebee 0 - 6 MONTHS Kgs UPTO 5 KGS I
80,Unsere Produkte reduzieren die Betriebskosten des Druckers um bis zu 60% und behalten dabei den hohen technischen Parameter und die Druckqualitat bei.
81,HOW TO USE 1 TEST 2 PREP Take a easy skin allergy test Skin care and moisturizing before use 3 CUT 4 StICK Cut to the size as required Cover the areas that need
82,"Suggested Storage Store in a cool dry place after opening_ OJ aJ aSWJ Collagen Chewable Peptides Powder C-500 Joint and Bone Health"" Astaxanthin  Promotes Healthy Antioxidant Protaction Clinically Tested mg Naturaky Suicotoned with Organic Algae NET WT: 8 OZ. (227g Hatural Charry-Borry Fl,or 4Dlatan Suptla Cellular Protection  7100 Tablets Freo Radical Neutrelad"" 90 Veg Capsuler aonten Jurt Skina Made Potent E T ine"
83,Oo S OF CHARGES L 8 1 L
84,"5 Grand Dessert Schoko Schokocreme mit Sahne. Zutaten: entrahmte MHLCH 20% Giukose-Fruktose-Sirup Zucker, modfizerte Starke Ye Kakaopulver;, Kakaobutter), 0,9% fettarmer Kakao, 0.386 Verdickungsmittel:  Carrageen ,  Guarkernmehl; Emulgator E 472 b, Aroma; Stickstoff: Bei g""Cmindestens haltbar bis siehe Deckel Mahrwertangaben pro 100g: Do06 1 Energie 520 kJ (124 kcal) S= SNOO Fett 5,0g gesattigte Fettsauren 3,3g DE Kohlenhydrate 17,0g B= BY EG 5 davon Zucker 14,0g EiweiB  2,1g Salz 0,10 g 8 Gmbh 19 87770 Oberschonegg e 190g WWW ehrmann de PeT (Ehrmann SAHNE Schoko"" MOLKENERZEUGNIS, 9 fettarmer lade   (Zucker; Speisegelatine Arriba-Kakao, max: ' davon 77727 Dedel] (sieheE Ehrmann Hauptstr:`"
85,"Nahrwertangaben pro 100g: Energie  520 kJ (124 kcal) Fett 5,09 davon gesattigte Fettsauren 3,39 Kohlenhydrate 17,0g davon Zucker 14,0g Eiweib  2,1g Salz 0,10 g"
86,"Award Winning Clinically Proven Ashwagandha* TM Supports Aarogya 360 Stress & Anxiety Buster* Improve Sleep Quality* Strength & Stamina* KSM-669 Ashwagandha 5% withanolides No 'or KSM-66 Ashwagandha 600 mg 60 Vcaps Plus added artificial fillers , preservatives, flavors colors; anti-caking agents."
87,0.03 INCH (0.8 MM) 0.12 INCH (3 MM) 1.60 INCH (40.7MM) Net Weight: 3.2G (O) In My Heart () 925 Sterling Silver Customizable 6.3+2 INCH Extend Chain (160mm+SOMM) Manual measurement; the size may be slightly different from the physical Forever
88,Weight: 6.5g Length: 19cm+Scm
89,"BELLA ELEGANT JACQUARD WINDOW CURTAIN WITH ATTACHED VALANCE UV Description: Color: Beige Blue Brick 160GSM JAQUARD+FANCY VALANCE BURGUNDY Grey LIGHT BROWN Fabric Content: 100% Polyester: Light taupe Size: 54"" x84"" + 18"" VENICE COLLECTIONS, INC: RN # 131381 2 1 8 6 7 16 2 7 3 MADE IN CHINA WARNING To AVOID ANY DANGER OF SUFFOCATION KEEP AWAY FRoM BABIES AND CHILDREN DO NOT USE IN CRIBS,BEDS,CARRIAGES OR PLAY PENS THIS BAC IS NOT A toy"
90,"Nutrition Factsl Serving size 3 Pieces (42g) Amount Per Serving Calories 160 % Daily Value* Total Fat Og 0% Saturated Fat 0g 0% Trans Fat Og Cholesterol 0% Sodium 15mg 1% Total Carbohydrate 39g 14% Dietary Fiber Og 0% Total Sugars 28g Includes 28g Added Sugars_ 56% Protein Og 0% Vitamin D Omcg_ 0% Calcium 0 Iron 0 Potassium Omg The % Daily Value (DV) tells you how much a nutrient in a serving of food contributes to a daily diet: 2,000 calories a day is used for general nutrition advice. Ingredients: Sugar; Glucose, Agar; Citric Acid, Canola Oil, Natural & Artificial Flavors, Artificial Colors Omg Omg Omg"
91,BALL WEIGHT: 26 Grams BALL DIAMETER: 74mm NUMBER OF HOLES: 40
92,"SpeaciGcazioa: Solar Sensor Wall Lights Quantity: 2PCS Solar panel: 5.5V, 0.55W LED: 144 LED Sensor angle: 120 degrees Sensor distance: 3-7m Protection level: IP65 waterproof Ideal mounting height: 1.8-2.5m Working temperature:-40*C-+85*€ Switch: Mode 1 ~ Mode 2 _ > Mode 3 _off 12.4x9.6 X4.8cm /4.88 x 3.80 x 1.89in Product Size: Charging time: 8 hours in the sunlight FuneiorsSwotchode: continuously bright light 1 The first will illuminate with a 2. The Znd work mode: the lights through constant light in dark places; when peoplego 'Seasorgarea, strong lighting 20 seconds And the light the sernso areafteroeopie leave the inducdiomharee 3. Wheturd work mode: When people go through the senafe thevoght wWilli be strong And the light willturn off after area, people leave the induction area. UK FR C€ K CA ETUl + BAC PLASTIQUE @ Made in China"
93,W Zinc 50 mg to maintain the immune au maintien des fonctions immunitaires. 250 tablets comprimes Helps system. Aide Non-GMO (Sans € OGM NPN80006007
94,RINFT SILICONE RINGS 3 2
95,"8 2 Fi """
96,Nierbal max Di$ € 0 V e [ W € |in e $ 5 GREEN COFFEE  BURN FAT Enhances Mood* Digestion* SOOmG 60 Physical Performance* Dietary Supplement   CAPSULES Improves Boosts
97,"Herbal max BENEFITS OF GREEN COFFEE Discov er W e IIn e $ $ Helps Control Supports Blood Appetite Sugar Level Supports Weight Supports Immune managment* System Boosts Herbal max Healthy Dis C 0 v er W @ ||n e $ S Metabolism Digestion GREEN COFFEE BURN FAT Enhance Supports Mood Fat Burn"" Enhances Mood* Digestiont SOOMG 60 Physical Performance* Dietary Supplement 'Improves Boosts CARUE"
98,166 Thick High Grade 304 Stainless Steel Anti-Scratch Anti-Rust Water Repellent Stain Resistant & Anti-bacterial Protection
99,NEW OOs FooD ONLT # NEW RPURINAP @ SUPERCOAT '26%6 PUPPYINETO BPURINAJ + 12% Withchicken SUPERCOAT. PUPPYIUR To| Devinoenert Witachicken SMARTBL MAateennE PaeEetAt CDtoun SMAPTBLEND 0 etcdUnanoreca hrleeothiili HctFAtM
